DisplayName,UserPrincipalName,AccountEnabled,Licensed,LicenseCount
fayyad aldahweesh,admin@Cyberzone27.onmicrosoft.com,TRUE,TRUE,1
Alex wilson,AlexWilson@Cyberzone27.onmicrosoft.com,TRUE,TRUE,1
Daniel Brown,daniel.brown@cyberzone27.onmicrosoft.com,TRUE,TRUE,1
David Wilson,Davidwilson@Cyberzone27.onmicrosoft.com,TRUE,TRUE,1
Emily Carter,emily.carter@cyberzone27.onmicrosoft.com,TRUE,TRUE,1
Emma Davis,emma.davis@cyberzone27.onmicrosoft.com,TRUE,TRUE,1
James Anderson,james.anderson@cyberzone27.onmicrosoft.com,TRUE,TRUE,1
Jessica Lee,jessica.lee@cyberzone27.onmicrosoft.com,TRUE,TRUE,1
Michael Clark,michael.clark@cyberzone27.onmicrosoft.com,TRUE,TRUE,1
Sarah Miller,sarah.miller@cyberzone27.onmicrosoft.com,TRUE,TRUE,1
Sophia Taylor,sophia.taylor@cyberzone27.onmicrosoft.com,TRUE,TRUE,1
